epoch,time,train/box_loss,train/cls_loss,train/dfl_loss,metrics/precision(B),metrics/recall(B),metrics/mAP50(B),metrics/mAP50-95(B),val/box_loss,val/cls_loss,val/dfl_loss,lr/pg0,lr/pg1,lr/pg2
1,107.825,1.59251,3.6182,1.22442,0.03175,0.94528,0.22948,0.15988,1.03045,3.58854,0.9014,0.000190842,0.000190842,0.000190842
2,214.704,1.32534,1.99246,1.07647,0.03499,0.99453,0.52282,0.38358,0.97183,3.01368,0.95122,0.000291099,0.000291099,0.000291099
3,276.441,1.27482,1.59653,1.05123,0.59824,0.64903,0.75368,0.55099,0.97843,1.65576,0.93477,0.000294335,0.000294335,0.000294335
4,331.394,1.23326,1.42585,1.04091,0.79502,0.71336,0.83773,0.62988,0.93281,1.56271,0.92768,0.00015141,0.00015141,0.00015141
1,59.1393,1.59251,3.6182,1.22442,0.03175,0.94528,0.22948,0.15988,1.03045,3.58854,0.9014,0.000190842,0.000190842,0.000190842
1,59.5534,1.59251,3.6182,1.22442,0.03175,0.94528,0.22948,0.15988,1.03045,3.58854,0.9014,0.000190842,0.000190842,0.000190842
